record_id,source_id,title,raw_text,url,author,subreddit,created_at,retrieved_at,queries_matched,analyzed_at,model_used,is_relevant,relevance_confidence,relevance_reasoning,target_media,memory_cues_present,memory_cue_details,retrieval_failure_point,failure_evidence,workarounds_used,friction_experienced,desired_outcome
RD_000012,t3_1lyo0fc,I just noticed Google has deleted YEARS worth of photos from my backup,"Hi, I have no idea where to start. I went to look up photos of my grandma, and I noticed most are now missing with no clue on when or how they ever got deleted. Ive been using Google photos since 2012 and many of my photos from 2012 up to 2019 are just GONE. Why and how did this happen?? Has this happened to anyone else and is there any way to get them back? 
 
Slight update: I still haven’t gotten many of my photos back BUT there are two things that helped a little: firstly searching for a month and year instead of scrolling through. The other may be to change your membership, I recently got the offer for a year free for the student member ship (the one that is 1TB, the pro version of Gemini, etc.) and I got some videos and photos back. It’s definitely not everything but it’s at least some. The support team has not been helpful but still trying to work toward a solution. 
 
Biggest thing, there are a lot of us who have had this experience!",https://reddit.com/r/googlephotos/comments/1lyo0fc/i_just_noticed_google_has_deleted_years_worth_of/,rachelschmitz_,googlephotos,2025-07-13T08:42:03Z,2026-09-18T15:10:01Z,Google Photos search,2026-09-25T15:35:52.604348Z,llama-3.3-70b-versatile,True,0.8,,personal_photo,,{},vocabulary_mismatch,,,,
RD_000013,t3_1eqbi8x,"Google photos, what people don't understand in my opinion","Google photos is so much more than a storage location. The ability to search for people, places, And other things that you haven't actually identified but Google AI does makes it so valuable. Recently I wanted to find a picture of myself and my wife sitting in front of some tulips about 5 years ago. So I just typed that description in and found it in 2 minutes. That's the kind of thing you can do in Google photos that you can't do in a standard storage environment.",https://reddit.com/r/googlephotos/comments/1eqbi8x/google_photos_what_people_dont_understand_in_my/,twestheimer,googlephotos,2024-08-12T11:44:37Z,2026-09-18T15:10:01Z,Google Photos search; Google Photos can't find photo,2026-09-25T15:35:55.047535Z,llama-3.3-70b-versatile,False,0.8,"The user describes a successful search in Google Photos, not a failure or friction, so it does not meet the failure criteria of the taxonomy.",personal_photo,,{},,,,,locate a personal photo of himself and his wife with tulips from about five years ago
RD_000014,t3_1fvq7hr,Why did they ruin Google photos search???,"Just last week, Google Photos search was awesome. Need a pic of passport? Just type ""Passport"". Forgot your Known Traveler Number? Search ""Global Entry Card"". Now I search any of the above and it shows be thousands of photos with absolutely no relevance. What happened?",https://reddit.com/r/googlephotos/comments/1fvq7hr/why_did_they_ruin_google_photos_search/,NeillDrake,googlephotos,2024-10-04T03:41:21Z,2026-09-18T15:10:01Z,Google Photos search,2026-09-25T15:35:58.330891Z,llama-3.3-70b-versatile,True,0.95,"User is searching for a passport photo in Google Photos but receives irrelevant results, indicating a retrieval failure.",personal_photo,object; text_in_image,"{""object"": ""passport, Global Entry Card"", ""text_in_image"": ""passport, Global Entry Card""}",vocabulary_mismatch,search any of the above and it shows thousands of photos with absolutely no relevance.,,frustration_with_search_tool,find a photo of their passport or Global Entry Card
RD_000015,t3_1pokg67,Black-mask type photo appearing in my Google Photos Camera Roll?,"One of these (sometimes a little different) appears in a random spot next to (relatively) old photos (2-3 years) in my google photos camera roll every few weeks as I go through my photos. Does anyone know what it is? It's kinda freaky.
 
Edit: I found a keyword that was in all of them, so I typed it in the search bar and they all came up (at least the ones with that keyword). The weird thing is that it ranges all the way to very recent and I know I haven't added them.
 
SOLVED
 
Thanks to
 
u/jaxxr_
 
who lead me to a Google support page of someone who had the same exact problem with the same images and the same name descriptions. After I investigated a little more, I figured out that this all happened when I synced my Mac with my Google Drive. I had the understanding that this would only sync the files to Drive and only sync the photos on my iCloud Photos, but I guess it syncs the photos on my Mac files into Google Photos. After I looked at the metadata on the file on my Mac, it came from CapCut. I was not hacked. Thank you everyone for trying to help.",https://reddit.com/r/googlephotos/comments/1pokg67/blackmask_type_photo_appearing_in_my_google/,lighthousegamingYT,googlephotos,2025-12-17T02:03:48Z,2026-09-18T15:10:01Z,Google Photos search; Google Photos old photo,2026-09-25T15:35:59.814148Z,llama-3.3-70b-versatile,False,0.9,The user is not attempting to retrieve a specific photo based on vague memory; instead they are reporting an unexpected photo appearing in their library. This does not fit the criteria for a vague-memory retrieval scenario.,personal_photo,,{},,,,,
RD_000016,t3_1vxd2sj,Google Photos app not available in App Store?,"It seems that Google forgot to add Photos app to App Store in Bosnia and Serbia. 
 
The Google Photos service and subscription are officially available in both countries, and the app is officially available in Google Play Store. But not on iOS. 
 
Does someone know how to raise this issue with someone at their support team, or if a support member might be in this sub?",https://reddit.com/r/googlephotos/comments/1vxd2sj/google_photos_app_not_available_in_app_store/,Medium_Respond_9650,googlephotos,2026-08-24T19:37:23Z,2026-09-18T15:10:01Z,Google Photos search,2026-09-25T15:36:01.340881Z,llama-3.3-70b-versatile,False,0.96,"The post concerns app availability in the App Store, not a vague-memory search for visual media, so it falls outside the taxonomy scope.",personal_photo,,{},,None,,,obtain help raising the issue with Google support to get the iOS Google Photos app in Bosnia and Serbia
RD_000017,t3_1ug4ry2,Google is evil and photos proves it,"I have been trying for months to get my photos from google so that I can get tf away from this company and I'm still trying.
 
I was up against a wall on storage a few months back and I had a decision to make: would I increase storage with google or apple? I have used an iPhone with google photos for years so I'm not turned off by mixing the two worlds, but ultimately, I just chose to increase it with Apple and figured I'd move my photos there since there is a takeout process that transfers them directly. It seemed super easy so I just went for it.
 
Holy shit this is a scandal. Google has made some of the most significant contributions to digital technology humanity has ever seen. They've conquered search, mapped the entire world, connected us to media like never before, developed the leading web-based office suite, and has made many noteworthy contributions to the current state of AI, etc.. 
 
BUT, apparently zipping photos and videos into an archive (something I can do with a single click on any PC or mobile device) and letting me download it has absolutely stumped them.
 
I gave up on the takeout-to-apple direct approach because the takeouts that landed at apple were missing so much of my photo/video collection. And this is a silent failure. No logs indicate that anything should be missing due to file incompatibilities or anything like that. They just don't show up and they let you assume that they did. Quick manual audits will show that even entire albums would be empty or missing.
 
So I tried a standard takeout so that I can download the archives myself. Same deal. Things would be missing. Tried it again and DIFFERENT things would be missing. So far I've done three and the final archive sizes are different every single time. 
 
This is not beyond Google's ability. It's just not. This is intentional, anti-consumer behavior meant to trap me at Google or punish me for leaving.
 
I will not be going to Apple now either, because in doing all this, I've discovered just how bad their photos web interface is (also intentional).
 
I'm done. I'm committed to ending or minimizing my relationship with these corporations as much as possible now. My photos will not be uploaded to anyone's server unless they are very loudly signaling their commitment to privacy and portability of my data. This has just gone too far. Tech companies have become the most toxic players in society in the most cartoonish ways, it's hard to even characterize it without sounding paranoid. I'm absolutely done with them. 
 
Ethics will be THE primary metric by which I judge a tech company's worth and whether or not they get my money. Google and Apple are both off the table. I'll continue to use a smart phone that one of them control but it's under duress at this point. I'll be first to jump when a new option presents itself. 
 
/rant",https://reddit.com/r/googlephotos/comments/1ug4ry2/google_is_evil_and_photos_proves_it/,tirdg,googlephotos,2026-06-26T11:58:51Z,2026-09-18T15:10:01Z,Google Photos search,2026-09-25T15:36:03.121013Z,llama-3.3-70b-versatile,True,0.95,"The user is actively trying to retrieve personal photos from Google Photos and experiences repeated failures, fitting the vague‑memory retrieval scenario.",personal_photo,,{},missing_metadata,"""I gave up on the takeout-to-apple direct approach because the takeouts that landed at apple were missing so much of my photo/video collection... Quick manual audits will show that even entire albums would be empty or missing.""",abandonment,time_wasted; frustration_with_search_tool; fear_of_memory_loss,Retrieve all photos and videos from Google Photos to a local archive or Apple Photos
RD_000018,t3_1vi6sag,Google Photos Takeout duplicate file names - different photos,"Hi. I have some photos in Google Photos that share the same filename but are actually different images. After exporting them with Google Takeout, one of the duplicates is renamed by appending (1) to the filename. When I run Metadata Fixer on these photos, the metadata gets mixed up. For example, both IMG_0125 and IMG_ 0125(1) receive the metadata that belongs to IMG_0125(1).
 
I tried renaming IMG_0125.PNG.supplemental-metadata(1).json to IMG_0125(1).PNG.supplemental-metadata.json and because this didn't work I renamed the title inside the json file of IMG_0125(1).PNG.supplemental-metadata.json from IMG_0125.PNG to IMG_0125(1).PNG but it didn't work also.
 
I'm using 
https://github.com/feloex/GoogleTakeoutFixer
 
How can I fix this?
 
Thanks",https://reddit.com/r/googlephotos/comments/1vi6sag/google_photos_takeout_duplicate_file_names/,Both_Risk_8103,googlephotos,2026-08-07T17:19:54Z,2026-09-18T15:10:01Z,Google Photos search,2026-09-25T15:36:05.216379Z,llama-3.3-70b-versatile,True,0.8,,personal_photo,person,"{""person"": ""user explicitly mentions photos of people""}",vocabulary_mismatch,,,,user wants to separate duplicates and correct file names
RD_000019,t3_1vrhaxa,The undo backup option deleted photos from my phone gallery but the photos are still present on my google account. But per the instruction it was suppose to delete it from the account not from my phone,2 months worth of photos are missing from my phone???? How is this possible,https://reddit.com/r/googlephotos/comments/1vrhaxa/the_undo_backup_option_deleted_photos_from_my/,killsyndrome,googlephotos,2026-08-18T06:34:27Z,2026-09-18T15:10:01Z,Google Photos search,2026-09-25T15:36:06.759872Z,llama-3.3-70b-versatile,False,0.22,The post reports missing photos after a sync action but does not describe vague or partial memory cues or a search failure; it is about a deletion sync issue rather than memory‑based retrieval.,personal_photo,,{},,“2 months worth of photos are missing from my phone???? How is this possible”,,frustration_with_search_tool,Restore the missing photos to the phone gallery while keeping them in the Google account.
RD_000020,t3_1vu0bfa,How to set Google Photos to default and delete/disable Samsung Gallery,"New Fold 8 user. Switched from a Pixel fold.
 
I'm trying to disable the Samsung gallery and Only use Google Photos... But I'm not having any luck.
 
All of the Google search and AI suggestions don't line up with the options I have on my phone...
 
For example the ""disable"" button on the Gallery apps section via settings is grayed out and not accessible.
 
Any help?",https://reddit.com/r/googlephotos/comments/1vu0bfa/how_to_set_google_photos_to_default_and/,wmdc13,googlephotos,2026-08-20T23:57:50Z,2026-09-18T15:10:01Z,Google Photos search,2026-09-25T15:36:09.050435Z,llama-3.3-70b-versatile,False,0.95,"The user is asking for technical assistance on how to configure system settings to disable a default app, not describing a failure to retrieve a specific visual memory due to vague recall or search limitations.",personal_photo,,{},vocabulary_mismatch,All of the Google search and AI suggestions don't line up with the options I have on my phone...,,frustration_with_search_tool,To disable the Samsung Gallery app and set Google Photos as the default image viewer.
RD_000021,t3_1l1ssr7,"WHOA, Google Photos -- seriously, WTF?","Using Google Photos in a web browser, I just tried to search for a photo. 
 
Instead of providing the results by date, it gives me results based on 
what it thinks
 is the ""relevance"" of each photo. More critically, t
here is no option to go back to ""show results by date.""
 
MY DUDES. WTF. I NEED TO BE ABLE TO LOOK THEM THROUGH CHRONOGICALLY. Seriously! What the hell?!",https://reddit.com/r/googlephotos/comments/1l1ssr7/whoa_google_photos_seriously_wtf/,Alaska_Jack,googlephotos,2025-06-02T20:30:35Z,2026-09-18T15:10:01Z,Google Photos search,2026-09-25T15:36:10.056007Z,llama-3.3-70b-versatile,True,0.85,"The user is searching for a photo in Google Photos and experiences a breakdown in retrieval because the system defaults to 'relevance' sorting instead of chronological order, preventing them from scanning results by date as they intended.",personal_photo,temporal_epoch,"{""temporal_epoch"": ""User explicitly states the need to look through results 'chronologically' and by 'date', indicating time is a primary cue for their search strategy.""}",vocabulary_mismatch,"Instead of providing the results by date, it gives me results based on what it thinks is the 'relevance' of each photo. More critically, there is no option to go back to 'show results by date.'",,frustration_with_search_tool,To view search results sorted by date/chronologically to locate a specific photo.
